record_id,age,sex,cp,trestbps,chol,fbs,restecg,thalach,exang,oldpeak,slope,ca,thal
80,,,,unit_inconsistency,,,,,,,,,
128,,,,missing,,,,,,,,,category_typo
200,,,,,,,,,,,,,
283,,,,,,,,,,,,,
46,,,,,,,,,,,,,
91,,,,,,,,,,,,,
29,,category_typo,,,,,,,,,,,
76,,,,,,,,,,,,,
207,,category_typo,,,,,,,,,,,
225,,,,,,,,,,,,,missing
36,,,,,,,,,,,,,
120,,,,,,,,,,,,,
290,,,,,,,,,,,,,
295,,,,,,,,,,,,,
203,,,,,,,,,,,,,
77,,,,,,,,,,,,,
237,,,,,,,,,,,,,
324,near_duplicate,near_duplicate,near_duplicate,near_duplicate,near_duplicate,near_duplicate,near_duplicate,near_duplicate,near_duplicate,near_duplicate,near_duplicate,near_duplicate,near_duplicate
251,,,,,,,,,,,,,
172,,,,,,,,,,,,,
112,,,,,,,,,,,,,
152,,,,,,,,,,,,,
230,,,,,,,,,,,,,
45,,,,,,,,,,,,,
48,,,,,,,,,,out_of_range,,,
55,,,,,,,,,,,,,
178,,,,,,,,,,,,,
243,,,,,,,,,,,,,
276,,,,,,,,,,,,,
315,near_duplicate,near_duplicate,near_duplicate,near_duplicate,near_duplicate,near_duplicate,near_duplicate,near_duplicate,near_duplicate,near_duplicate,near_duplicate,near_duplicate,near_duplicate
195,,,,,,,,,,,,,
9,,,,,,,,,,,,,
179,,,,,,,,,,,,,
40,,,,,,,,,,,,,
51,,,,,,,,,,,,,
190,,,,,,,,,,,,,
15,,,,,,,,,,,,,
83,,,,,unit_inconsistency,,,,,,,,
164,,,,,,,,,,,,,
98,,,,,,,,,,,,,
130,,,,,out_of_range,,,,,,,,
303,exact_duplicate,exact_duplicate,exact_duplicate,exact_duplicate,exact_duplicate,exact_duplicate,exact_duplicate,exact_duplicate,exact_duplicate,exact_duplicate,exact_duplicate,exact_duplicate,exact_duplicate
53,,,,,,,,,,,,,
142,,,,,,,,,,,,,
222,,,,,,,,,,,,,
298,exact_duplicate,exact_duplicate,exact_duplicate,exact_duplicate,exact_duplicate,exact_duplicate,exact_duplicate,exact_duplicate,exact_duplicate,exact_duplicate,exact_duplicate,exact_duplicate,exact_duplicate
124,,,,,,,,,,,,,
280,,,,,,,,,,,,,
176,,,,,,,,,,,,,
182,,,,,,,,,,,,,
166,,,category_typo,,,,,,,,,,
274,,,,,,,,,,,,,
175,,,,,,,,,,,,,
94,,,,,,,,,,,,,
270,,,,,,,,,,,,,
59,,,,,,,,,,missing,,,
185,,,,,,,,,,,,,
189,,,,,,,,,,,,,
192,,,,,,,,,,,,,
35,,,,,,,,,,,,,
232,,,,,,,,,,,,,
138,,,,,,,,,,,,,
123,,,,,,,,,,,,,
0,,,,,,,,,,,,,
305,exact_duplicate,exact_duplicate,exact_duplicate,exact_duplicate,exact_duplicate,exact_duplicate,exact_duplicate,exact_duplicate,exact_duplicate,exact_duplicate,exact_duplicate,exact_duplicate,exact_duplicate
272,,,,,,,,,,,,,
234,,,,,,,,,,,,,
151,,,,,,,,,,,,,
266,,,,,,,,,,,,,
131,,,,,,,,,,,,,
168,,,,,,,,,,,,,
159,,,,,,,,,,,,,
150,,,,,,,,,,,,,
72,,,,,,,,,,,,,
20,,,,,,,,,,,,,
163,,,,,,,,out_of_range,,,,,
267,,,,,,,,,,,,,
312,near_duplicate,near_duplicate,near_duplicate,near_duplicate,near_duplicate,near_duplicate,near_duplicate,near_duplicate,near_duplicate,near_duplicate,near_duplicate,near_duplicate,near_duplicate
96,,,,,,,,,,,,,category_typo
108,,,,,,,,,,,,,
294,,,,,,,,,,,,,
216,,,,,,,,,,,,,
102,,,,,,,,,,,,,
240,,,,,,,,,,,,,
253,,,,,,,,out_of_range,,,,,
100,,,,,,,,,,,,,
213,,missing,,,,,,,,,,,
261,,,,,,,,,,,,,
188,,,,,,,,,,,,,
33,,,,,,,,,,,,,
254,,,,,,missing,,,,,,,
326,near_duplicate,near_duplicate,near_duplicate,near_duplicate,near_duplicate,near_duplicate,near_duplicate,near_duplicate,near_duplicate,near_duplicate,near_duplicate,near_duplicate,near_duplicate
106,,,,,,,,,,,,,
156,,,missing,,,,,,,,,,
61,,,,,,,,,,,,,
115,,,,,,,,,,,,,
140,,,,,,,,,,,,,
78,,,,,,,,,,,,,
135,,,,,,,,,,,,,
194,,,,,,,,,,,,,
111,,,,,,,,,,,,,
145,,,,,,,,,,,,,
132,,,,,,,,out_of_range,,,,,
321,near_duplicate,near_duplicate,near_duplicate,near_duplicate,near_duplicate,near_duplicate,near_duplicate,near_duplicate,near_duplicate,near_duplicate,near_duplicate,near_duplicate,near_duplicate
184,,,,,,,,,,,,,
307,exact_duplicate,exact_duplicate,exact_duplicate,exact_duplicate,exact_duplicate,exact_duplicate,exact_duplicate,exact_duplicate,exact_duplicate,exact_duplicate,exact_duplicate,exact_duplicate,exact_duplicate
32,,,,,,,,,,,,,
259,,,,,,,,,,,,,
49,,,,,,,,,,,,,
63,,,,,,,,,,,,,
244,,,,,,,,,,out_of_range,,,
214,,,,,,,,,,,,,
34,,,,,,,,,,,,,
193,,,,,,,,,,,missing,,
224,,,,,,,,,,out_of_range,,,
154,,,,,,,,,,,,,
107,,,,,,,,,,,,,
220,,,,,,,,,,,,,
301,exact_duplicate,exact_duplicate,exact_duplicate,exact_duplicate,exact_duplicate,exact_duplicate,exact_duplicate,exact_duplicate,exact_duplicate,exact_duplicate,exact_duplicate,exact_duplicate,exact_duplicate
42,,,,,,,,,,,,,
173,,,,,,,,,,,,,
279,,,,,,,,,,,,,
153,,,,,,,,,,,,,
155,,,,,,,,,,,,,
171,,,,,,,,,,,,,
144,,,,,,,,,,,,,
87,,,,,,,,,,,,,
208,out_of_range,,,,,,,,,,,,
4,,,,,,,,,,,,,
252,,,,unit_inconsistency,,,,,,,,,
271,,,,unit_inconsistency,,,,,,,,,
110,,,,,,,,,,,,,
183,,,,,,,,,,,,,
97,,,,,,,,,,,,,
44,,,,,,,,,,,,,
84,,,,,,,,,,,,,
79,,,,,,,,,,,,,
117,,,,,,,,,,,,,
236,,,,,,,,,,,,,
47,,,,,,,category_typo,,,,,,
167,,,,,,,,,,,,,
289,,,,,,,missing,,,,,,
277,,,category_typo,,,,,,,,,,
205,,,,,,,,,,,,,
26,,,,,,missing,,,,,,,
231,,,,,,,,,,,,,
2,,,,,,,,,,,,,
74,,,,,,,,,,,,,
58,,,,,,,,,,,,,
5,,,,,,,,,,,,,
1,,,,,,,,,,,,,
129,,,,,unit_inconsistency,,,,,,,,missing
41,,,,,,,,,,,,,
314,near_duplicate,near_duplicate,near_duplicate,near_duplicate,near_duplicate,near_duplicate,near_duplicate,near_duplicate,near_duplicate,near_duplicate,near_duplicate,near_duplicate,near_duplicate
39,,,,,,,,,,,,,
217,,,,,,,,,,,,,
211,,,,,,,,,,,,,
258,,,,,,,,,,,,,
50,,,,,,,,,,,,,
57,,,,,,,,,,,,,
125,,,,,,,,,,,,,
199,,,,,,,,,,,,,
316,near_duplicate,near_duplicate,near_duplicate,near_duplicate,near_duplicate,near_duplicate,near_duplicate,near_duplicate,near_duplicate,near_duplicate,near_duplicate,near_duplicate,near_duplicate
93,,,,,,,,,,,,,
317,near_duplicate,near_duplicate,near_duplicate,near_duplicate,near_duplicate,near_duplicate,near_duplicate,near_duplicate,near_duplicate,near_duplicate,near_duplicate,near_duplicate,near_duplicate
226,,,,,,,,,,,,,
285,,,,,,,,,,,,,
121,,,,,,,,,,,,,
28,,,,,,,,,,,,,
319,near_duplicate,near_duplicate,near_duplicate,near_duplicate,near_duplicate,near_duplicate,near_duplicate,near_duplicate,near_duplicate,near_duplicate,near_duplicate,near_duplicate,near_duplicate
299,exact_duplicate,exact_duplicate,exact_duplicate,exact_duplicate,exact_duplicate,exact_duplicate,exact_duplicate,exact_duplicate,exact_duplicate,exact_duplicate,exact_duplicate,exact_duplicate,exact_duplicate
101,,,,,,,,,,,,,
119,unit_inconsistency,,,,,,,,,,,,
256,,,,,,,,,,,,,
139,,,,,,,category_typo,,,,,,
126,,,,,,,,,,,,,
141,,,,,,,,,,,,,
64,,,,,,,,,,,,,
322,near_duplicate,near_duplicate,near_duplicate,near_duplicate,near_duplicate,near_duplicate,near_duplicate,near_duplicate,near_duplicate,near_duplicate,near_duplicate,near_duplicate,near_duplicate
186,,,category_typo,,,,,,,,,,
81,,,,,,,,,,out_of_range,,,
269,,,,,,,,,,,,,
191,,,,,,,,,,,,,
242,,,,,unit_inconsistency,,,,,,,,
263,,,,,,,,,,,,,
114,,,,,,,,,,,,,
8,,,,,,,,,,,,,
180,,,,,,,,,,,,,
174,,,,,,,,,,,,,
235,,,,,,,,,,,,,
6,,,,,,,,,,,,,
133,,,,,,,,,,,,,
38,,,category_typo,,,,,,,,,,
311,exact_duplicate,exact_duplicate,exact_duplicate,exact_duplicate,exact_duplicate,exact_duplicate,exact_duplicate,exact_duplicate,exact_duplicate,exact_duplicate,exact_duplicate,exact_duplicate,exact_duplicate
160,,,,,,,,,,,,,
284,,,,,,,,,,,,,
245,,,,,,,,,,,,,
82,,,,,,,,,,,,,
86,,,,unit_inconsistency,,,,,,,,,
218,,,,,,missing,,,,,,,
212,,,,,,,,,,,,,
103,,,,,,,,,,,,,
288,,,,,,,,,,,,,
292,,,,,,,,,,,,,
71,,,,,,,,,,,,,
104,,,,,,,,,,,,,
105,,,,out_of_range,,,,,,,,,
147,,,,,,,,,,,,,
202,,,,,,,,,,,,,
21,,,,,,,,,,,,,
219,,,,,,,,,,,,,
262,out_of_range,,,,,,,,,,,,
18,,,,,,,,,,out_of_range,,,
31,,,,,,,,,,,,,
273,,,,,,,,,,,,,
318,near_duplicate,near_duplicate,near_duplicate,near_duplicate,near_duplicate,near_duplicate,near_duplicate,near_duplicate,near_duplicate,near_duplicate,near_duplicate,near_duplicate,near_duplicate
260,,,,,,,,,,,,,
313,near_duplicate,near_duplicate,near_duplicate,near_duplicate,near_duplicate,near_duplicate,near_duplicate,near_duplicate,near_duplicate,near_duplicate,near_duplicate,near_duplicate,near_duplicate
17,,,,,unit_inconsistency,,,,,,,,
187,out_of_range,,,,,,,,,,,,
24,,,,,,,,,,,,,
282,,,,,,,,,,,,,
90,,,,,,,,,,,,,
99,,,,,,,,,,,,,
306,exact_duplicate,exact_duplicate,exact_duplicate,exact_duplicate,exact_duplicate,exact_duplicate,exact_duplicate,exact_duplicate,exact_duplicate,exact_duplicate,exact_duplicate,exact_duplicate,exact_duplicate
11,,,,,,,,,,,,,
14,,,,,,,,,,,,,
68,,,,unit_inconsistency,,,,,,,,,
198,,,,,,,,,,,,,
323,near_duplicate,near_duplicate,near_duplicate,near_duplicate,near_duplicate,near_duplicate,near_duplicate,near_duplicate,near_duplicate,near_duplicate,near_duplicate,near_duplicate,near_duplicate
56,,,,,,,,,,,,,
10,,,,,unit_inconsistency,,,,,,,,
204,,,,,,,,,,,,,
197,,,category_typo,,,,,,,,,,
19,,,,,,,,,,,,,
162,,,,,,,,,,,,,
268,,,,,,,,,,,,,
248,,,,,,,,,,,,,
246,,,,,,,category_typo,,,,,,
30,,,,,,,,,,,,,
60,,,,,,,,,,,,,
239,,,,,,,,,,,,,
69,,,,,,,,,,,,,
73,,,,,,,,,,,,,
304,exact_duplicate,exact_duplicate,exact_duplicate,exact_duplicate,exact_duplicate,exact_duplicate,exact_duplicate,exact_duplicate,exact_duplicate,exact_duplicate,exact_duplicate,exact_duplicate,exact_duplicate
3,,,,,,,,,,,,,
52,,,,,,,,,,,,,
16,,,,,,,,,,,,,
65,,,,,,,,,,,,,
116,,,,,,,,,,,,,
241,,,,,,,,,,,,,
293,,,,,,,,,,,,,
221,,,,,,,,,,,,,
264,,,,,,,,,,,,,
66,,,,,,,,,,,,,category_typo
118,,,,,,,,,,,,,
223,,,,,,,,,,,,,
320,near_duplicate,near_duplicate,near_duplicate,near_duplicate,near_duplicate,near_duplicate,near_duplicate,near_duplicate,near_duplicate,near_duplicate,near_duplicate,near_duplicate,near_duplicate
161,,,,,,,,,,,,,
62,unit_inconsistency,,,,,,,,,,,,
127,,,,,,,,,,,,,
146,,,,,,,,,,,,,
275,,,,,,,,,,,,,
278,,,,,,,,,,,,,
27,out_of_range,,,,,,,,,,,,missing
249,,,,,,,,,,,,,
265,,,,,,,,,,,,,
227,,,,,,,,,,,,,
247,,,,,,,,,,,,,
308,exact_duplicate,exact_duplicate,exact_duplicate,exact_duplicate,exact_duplicate,exact_duplicate,exact_duplicate,exact_duplicate,exact_duplicate,exact_duplicate,exact_duplicate,exact_duplicate,exact_duplicate
228,,,,,,,,,,,,,
302,exact_duplicate,exact_duplicate,exact_duplicate,exact_duplicate,exact_duplicate,exact_duplicate,exact_duplicate,exact_duplicate,exact_duplicate,exact_duplicate,exact_duplicate,exact_duplicate,exact_duplicate
143,,,,,,,,,,,,,
281,,,,,,,,,,,,,
22,,,,,,,,,,,,,
210,,,,,,,,,,,,,
238,,,,,,,,,,,,,
89,,,,,,,,,,,,,
310,exact_duplicate,exact_duplicate,exact_duplicate,exact_duplicate,exact_duplicate,exact_duplicate,exact_duplicate,exact_duplicate,exact_duplicate,exact_duplicate,exact_duplicate,exact_duplicate,exact_duplicate
148,,,,,,,,,,,,,
196,,,,unit_inconsistency,,,,,,,,,
170,,,,,,,,,,,,,
157,,,,,,,,,,,,,
134,,,,,,,,,,,,,
12,,,,,,,,,,,,,
300,exact_duplicate,exact_duplicate,exact_duplicate,exact_duplicate,exact_duplicate,exact_duplicate,exact_duplicate,exact_duplicate,exact_duplicate,exact_duplicate,exact_duplicate,exact_duplicate,exact_duplicate
67,out_of_range,,,,,,,,,,,,
85,,,,,,,,,,,,,
229,,missing,,,,,,,,,,,
201,,,category_typo,,,,,,,,,,
177,,,,,,,,,,,,,
286,,,,,,,,,,,,,
7,,,,,,,,,,,,,
88,,,,,,,,,,,,,
113,,,,,,,,,,,,,
309,exact_duplicate,exact_duplicate,exact_duplicate,exact_duplicate,exact_duplicate,exact_duplicate,exact_duplicate,exact_duplicate,exact_duplicate,exact_duplicate,exact_duplicate,exact_duplicate,exact_duplicate
25,,,,,,,missing,,,,,,
92,,,,,,,category_typo,,,,,,
297,exact_duplicate,exact_duplicate,exact_duplicate,exact_duplicate,exact_duplicate,exact_duplicate,exact_duplicate,exact_duplicate,exact_duplicate,exact_duplicate,exact_duplicate,exact_duplicate,exact_duplicate
233,,,,,,,,,,,,,
109,,,,,,,,,,,,,
296,,,,,,,,,,,,,
291,,,,,unit_inconsistency,,,,,,,,
181,,,,,,,,,,,,,
75,,,,,,,,,,,,,
250,,,,unit_inconsistency,,,,,,,,,
122,,,,,,,,,,,,,
165,,,,,,,,,,,,,
209,,,,,,,,,,,,,
137,,,,,,,,,,,,,
149,,,,,,,,,,,,,
325,near_duplicate,near_duplicate,near_duplicate,near_duplicate,near_duplicate,near_duplicate,near_duplicate,near_duplicate,near_duplicate,near_duplicate,near_duplicate,near_duplicate,near_duplicate
70,,,,,,,,,,,,,
255,,,,,,,,,,,,,
37,,,,,,,,,,,,,
206,,,,,,,,,,missing,,,
54,,,,,,,,,,,,,
257,,,,,,,,,,,,,
169,,,,,,,,,,,,,
13,,,,,,,,,,,,,
215,,,,,,,,,,,,,
43,,,,,,,,,,,,,
23,,,,,,,,,,,,,
158,,,,,,,,,,,,,
136,,,,,,,,,,,,,
287,,,,,,,,,,,,,
95,,,,,,,,,,,,,
