record_id,age,sex,cp,trestbps,chol,fbs,restecg,thalach,exang,oldpeak,slope,ca,thal,num
0,63,male,typical_angina,145,233,1,lv_hypertrophy,150,0,2.3,3,0,fixed_defect,0
1,67,male,asymptomatic,160,286,0,lv_hypertrophy,108,1,1.5,2,3,normal,2
2,67,male,asymptomatic,120,229,0,lv_hypertrophy,129,1,2.6,2,2,reversible_defect,1
3,37,male,non_anginal,130,250,0,normal,187,0,3.5,3,0,normal,0
4,41,female,atypical_angina,130,204,0,lv_hypertrophy,172,0,1.4,1,0,normal,0
5,56,male,atypical_angina,120,236,0,normal,178,0,0.8,1,0,normal,0
6,62,female,asymptomatic,140,268,0,lv_hypertrophy,160,0,3.6,3,2,normal,3
7,57,female,asymptomatic,120,354,0,normal,163,1,0.6,1,0,normal,0
8,63,male,asymptomatic,130,254,0,lv_hypertrophy,147,0,1.4,2,1,reversible_defect,2
9,53,male,asymptomatic,140,203,1,lv_hypertrophy,155,1,3.1,3,0,reversible_defect,1
10,57,male,asymptomatic,140,192,0,normal,148,0,0.4,2,0,fixed_defect,0
11,56,female,atypical_angina,140,294,0,lv_hypertrophy,153,0,1.3,2,0,normal,0
12,56,male,non_anginal,130,256,1,lv_hypertrophy,142,1,0.6,2,1,fixed_defect,2
13,44,male,atypical_angina,120,263,0,normal,173,0,0.0,1,0,reversible_defect,0
14,52,male,non_anginal,172,199,1,normal,162,0,0.5,1,0,reversible_defect,0
15,57,male,non_anginal,150,168,0,normal,174,0,1.6,1,0,normal,0
16,48,male,atypical_angina,110,229,0,normal,168,0,1.0,3,0,reversible_defect,1
17,54,male,asymptomatic,140,239,0,normal,160,0,1.2,1,0,normal,0
18,48,female,non_anginal,130,275,0,normal,139,0,0.2,1,0,normal,0
19,49,male,atypical_angina,130,266,0,normal,171,0,0.6,1,0,normal,0
20,64,male,typical_angina,110,211,0,lv_hypertrophy,144,1,1.8,2,0,normal,0
21,58,female,typical_angina,150,283,1,lv_hypertrophy,162,0,1.0,1,0,normal,0
22,58,male,atypical_angina,120,284,0,lv_hypertrophy,160,0,1.8,2,0,normal,1
23,58,male,non_anginal,132,224,0,lv_hypertrophy,173,0,3.2,1,2,reversible_defect,3
24,60,male,asymptomatic,130,206,0,lv_hypertrophy,132,1,2.4,2,2,reversible_defect,4
25,50,female,non_anginal,120,219,0,normal,158,0,1.6,2,0,normal,0
26,58,female,non_anginal,120,340,0,normal,172,0,0.0,1,0,normal,0
27,66,female,typical_angina,150,226,0,normal,114,0,2.6,3,0,normal,0
28,43,male,asymptomatic,150,247,0,normal,171,0,1.5,1,0,normal,0
29,40,male,asymptomatic,110,167,0,lv_hypertrophy,114,1,2.0,2,0,reversible_defect,3
30,69,female,typical_angina,140,239,0,normal,151,0,1.8,1,2,normal,0
31,60,male,asymptomatic,117,230,1,normal,160,1,1.4,1,2,reversible_defect,2
32,64,male,non_anginal,140,335,0,normal,158,0,0.0,1,0,normal,1
33,59,male,asymptomatic,135,234,0,normal,161,0,0.5,2,0,reversible_defect,0
34,44,male,non_anginal,130,233,0,normal,179,1,0.4,1,0,normal,0
35,42,male,asymptomatic,140,226,0,normal,178,0,0.0,1,0,normal,0
36,43,male,asymptomatic,120,177,0,lv_hypertrophy,120,1,2.5,2,0,reversible_defect,3
37,57,male,asymptomatic,150,276,0,lv_hypertrophy,112,1,0.6,2,1,fixed_defect,1
38,55,male,asymptomatic,132,353,0,normal,132,1,1.2,2,1,reversible_defect,3
39,61,male,non_anginal,150,243,1,normal,137,1,1.0,2,0,normal,0
40,65,female,asymptomatic,150,225,0,lv_hypertrophy,114,0,1.0,2,3,reversible_defect,4
41,40,male,typical_angina,140,199,0,normal,178,1,1.4,1,0,reversible_defect,0
42,71,female,atypical_angina,160,302,0,normal,162,0,0.4,1,2,normal,0
43,59,male,non_anginal,150,212,1,normal,157,0,1.6,1,0,normal,0
44,61,female,asymptomatic,130,330,0,lv_hypertrophy,169,0,0.0,1,0,normal,1
45,58,male,non_anginal,112,230,0,lv_hypertrophy,165,0,2.5,2,1,reversible_defect,4
46,51,male,non_anginal,110,175,0,normal,123,0,0.6,1,0,normal,0
47,50,male,asymptomatic,150,243,0,lv_hypertrophy,128,0,2.6,2,0,reversible_defect,4
48,65,female,non_anginal,140,417,1,lv_hypertrophy,157,0,0.8,1,1,normal,0
49,53,male,non_anginal,130,197,1,lv_hypertrophy,152,0,1.2,3,0,normal,0
50,41,female,atypical_angina,105,198,0,normal,168,0,0.0,1,1,normal,0
51,65,male,asymptomatic,120,177,0,normal,140,0,0.4,1,0,reversible_defect,0
52,44,male,asymptomatic,112,290,0,lv_hypertrophy,153,0,0.0,1,1,normal,2
53,44,male,atypical_angina,130,219,0,lv_hypertrophy,188,0,0.0,1,0,normal,0
54,60,male,asymptomatic,130,253,0,normal,144,1,1.4,1,1,reversible_defect,1
55,54,male,asymptomatic,124,266,0,lv_hypertrophy,109,1,2.2,2,1,reversible_defect,1
56,50,male,non_anginal,140,233,0,normal,163,0,0.6,2,1,reversible_defect,1
57,41,male,asymptomatic,110,172,0,lv_hypertrophy,158,0,0.0,1,0,reversible_defect,1
58,54,male,non_anginal,125,273,0,lv_hypertrophy,152,0,0.5,3,1,normal,0
59,51,male,typical_angina,125,213,0,lv_hypertrophy,125,1,1.4,1,1,normal,0
60,51,female,asymptomatic,130,305,0,normal,142,1,1.2,2,0,reversible_defect,2
61,46,female,non_anginal,142,177,0,lv_hypertrophy,160,1,1.4,3,0,normal,0
62,58,male,asymptomatic,128,216,0,lv_hypertrophy,131,1,2.2,2,3,reversible_defect,1
63,54,female,non_anginal,135,304,1,normal,170,0,0.0,1,0,normal,0
64,54,male,asymptomatic,120,188,0,normal,113,0,1.4,2,1,reversible_defect,2
65,60,male,asymptomatic,145,282,0,lv_hypertrophy,142,1,2.8,2,2,reversible_defect,2
66,60,male,non_anginal,140,185,0,lv_hypertrophy,155,0,3.0,2,0,normal,1
67,54,male,non_anginal,150,232,0,lv_hypertrophy,165,0,1.6,1,0,reversible_defect,0
68,59,male,asymptomatic,170,326,0,lv_hypertrophy,140,1,3.4,3,0,reversible_defect,2
69,46,male,non_anginal,150,231,0,normal,147,0,3.6,2,0,normal,1
70,65,female,non_anginal,155,269,0,normal,148,0,0.8,1,0,normal,0
71,67,male,asymptomatic,125,254,1,normal,163,0,0.2,2,2,reversible_defect,3
72,62,male,asymptomatic,120,267,0,normal,99,1,1.8,2,2,reversible_defect,1
73,65,male,asymptomatic,110,248,0,lv_hypertrophy,158,0,0.6,1,2,fixed_defect,1
74,44,male,asymptomatic,110,197,0,lv_hypertrophy,177,0,0.0,1,1,normal,1
75,65,female,non_anginal,160,360,0,lv_hypertrophy,151,0,0.8,1,0,normal,0
76,60,male,asymptomatic,125,258,0,lv_hypertrophy,141,1,2.8,2,1,reversible_defect,1
77,51,female,non_anginal,140,308,0,lv_hypertrophy,142,0,1.5,1,1,normal,0
78,48,male,atypical_angina,130,245,0,lv_hypertrophy,180,0,0.2,2,0,normal,0
79,58,male,asymptomatic,150,270,0,lv_hypertrophy,111,1,0.8,1,0,reversible_defect,3
80,45,male,asymptomatic,104,208,0,lv_hypertrophy,148,1,3.0,2,0,normal,0
81,53,female,asymptomatic,130,264,0,lv_hypertrophy,143,0,0.4,2,0,normal,0
82,39,male,non_anginal,140,321,0,lv_hypertrophy,182,0,0.0,1,0,normal,0
83,68,male,non_anginal,180,274,1,lv_hypertrophy,150,1,1.6,2,0,reversible_defect,3
84,52,male,atypical_angina,120,325,0,normal,172,0,0.2,1,0,normal,0
85,44,male,non_anginal,140,235,0,lv_hypertrophy,180,0,0.0,1,0,normal,0
86,47,male,non_anginal,138,257,0,lv_hypertrophy,156,0,0.0,1,0,normal,0
87,53,female,asymptomatic,138,234,0,lv_hypertrophy,160,0,0.0,1,0,normal,0
88,51,female,non_anginal,130,256,0,lv_hypertrophy,149,0,0.5,1,0,normal,0
89,66,male,asymptomatic,120,302,0,lv_hypertrophy,151,0,0.4,2,0,normal,0
90,62,female,asymptomatic,160,164,0,lv_hypertrophy,145,0,6.2,3,3,reversible_defect,3
91,62,male,non_anginal,130,231,0,normal,146,0,1.8,2,3,reversible_defect,0
92,44,female,non_anginal,108,141,0,normal,175,0,0.6,2,0,normal,0
93,63,female,non_anginal,135,252,0,lv_hypertrophy,172,0,0.0,1,0,normal,0
94,52,male,asymptomatic,128,255,0,normal,161,1,0.0,1,1,reversible_defect,1
95,59,male,asymptomatic,110,239,0,lv_hypertrophy,142,1,1.2,2,1,reversible_defect,2
96,60,female,asymptomatic,150,258,0,lv_hypertrophy,157,0,2.6,2,2,reversible_defect,3
97,52,male,atypical_angina,134,201,0,normal,158,0,0.8,1,1,normal,0
98,48,male,asymptomatic,122,222,0,lv_hypertrophy,186,0,0.0,1,0,normal,0
99,45,male,asymptomatic,115,260,0,lv_hypertrophy,185,0,0.0,1,0,normal,0
100,34,male,typical_angina,118,182,0,lv_hypertrophy,174,0,0.0,1,0,normal,0
101,57,female,asymptomatic,128,303,0,lv_hypertrophy,159,0,0.0,1,1,normal,0
102,71,female,non_anginal,110,265,1,lv_hypertrophy,130,0,0.0,1,1,normal,0
103,49,male,non_anginal,120,188,0,normal,139,0,2.0,2,3,reversible_defect,3
104,54,male,atypical_angina,108,309,0,normal,156,0,0.0,1,0,reversible_defect,0
105,59,male,asymptomatic,140,177,0,normal,162,1,0.0,1,1,reversible_defect,2
106,57,male,non_anginal,128,229,0,lv_hypertrophy,150,0,0.4,2,1,reversible_defect,1
107,61,male,asymptomatic,120,260,0,normal,140,1,3.6,2,1,reversible_defect,2
108,39,male,asymptomatic,118,219,0,normal,140,0,1.2,2,0,reversible_defect,3
109,61,female,asymptomatic,145,307,0,lv_hypertrophy,146,1,1.0,2,0,reversible_defect,1
110,56,male,asymptomatic,125,249,1,lv_hypertrophy,144,1,1.2,2,1,normal,1
111,52,male,typical_angina,118,186,0,lv_hypertrophy,190,0,0.0,2,0,fixed_defect,0
112,43,female,asymptomatic,132,341,1,lv_hypertrophy,136,1,3.0,2,0,reversible_defect,2
113,62,female,non_anginal,130,263,0,normal,97,0,1.2,2,1,reversible_defect,2
114,41,male,atypical_angina,135,203,0,normal,132,0,0.0,2,0,fixed_defect,0
115,58,male,non_anginal,140,211,1,lv_hypertrophy,165,0,0.0,1,0,normal,0
116,35,female,asymptomatic,138,183,0,normal,182,0,1.4,1,0,normal,0
117,63,male,asymptomatic,130,330,1,lv_hypertrophy,132,1,1.8,1,3,reversible_defect,3
118,65,male,asymptomatic,135,254,0,lv_hypertrophy,127,0,2.8,2,1,reversible_defect,2
119,48,male,asymptomatic,130,256,1,lv_hypertrophy,150,1,0.0,1,2,reversible_defect,3
120,63,female,asymptomatic,150,407,0,lv_hypertrophy,154,0,4.0,2,3,reversible_defect,4
121,51,male,non_anginal,100,222,0,normal,143,1,1.2,2,0,normal,0
122,55,male,asymptomatic,140,217,0,normal,111,1,5.6,3,0,reversible_defect,3
123,65,male,typical_angina,138,282,1,lv_hypertrophy,174,0,1.4,2,1,normal,1
124,45,female,atypical_angina,130,234,0,lv_hypertrophy,175,0,0.6,2,0,normal,0
125,56,female,asymptomatic,200,288,1,lv_hypertrophy,133,1,4.0,3,2,reversible_defect,3
126,54,male,asymptomatic,110,239,0,normal,126,1,2.8,2,1,reversible_defect,3
127,44,male,atypical_angina,120,220,0,normal,170,0,0.0,1,0,normal,0
128,62,female,asymptomatic,124,209,0,normal,163,0,0.0,1,0,normal,0
129,54,male,non_anginal,120,258,0,lv_hypertrophy,147,0,0.4,2,0,reversible_defect,0
130,51,male,non_anginal,94,227,0,normal,154,1,0.0,1,1,reversible_defect,0
131,29,male,atypical_angina,130,204,0,lv_hypertrophy,202,0,0.0,1,0,normal,0
132,51,male,asymptomatic,140,261,0,lv_hypertrophy,186,1,0.0,1,0,normal,0
133,43,female,non_anginal,122,213,0,normal,165,0,0.2,2,0,normal,0
134,55,female,atypical_angina,135,250,0,lv_hypertrophy,161,0,1.4,2,0,normal,0
135,70,male,asymptomatic,145,174,0,normal,125,1,2.6,3,0,reversible_defect,4
136,62,male,atypical_angina,120,281,0,lv_hypertrophy,103,0,1.4,2,1,reversible_defect,3
137,35,male,asymptomatic,120,198,0,normal,130,1,1.6,2,0,reversible_defect,1
138,51,male,non_anginal,125,245,1,lv_hypertrophy,166,0,2.4,2,0,normal,0
139,59,male,atypical_angina,140,221,0,normal,164,1,0.0,1,0,normal,0
140,59,male,typical_angina,170,288,0,lv_hypertrophy,159,0,0.2,2,0,reversible_defect,1
141,52,male,atypical_angina,128,205,1,normal,184,0,0.0,1,0,normal,0
142,64,male,non_anginal,125,309,0,normal,131,1,1.8,2,0,reversible_defect,1
143,58,male,non_anginal,105,240,0,lv_hypertrophy,154,1,0.6,2,0,reversible_defect,0
144,47,male,non_anginal,108,243,0,normal,152,0,0.0,1,0,normal,1
145,57,male,asymptomatic,165,289,1,lv_hypertrophy,124,0,1.0,2,3,reversible_defect,4
146,41,male,non_anginal,112,250,0,normal,179,0,0.0,1,0,normal,0
147,45,male,atypical_angina,128,308,0,lv_hypertrophy,170,0,0.0,1,0,normal,0
148,60,female,non_anginal,102,318,0,normal,160,0,0.0,1,1,normal,0
149,52,male,typical_angina,152,298,1,normal,178,0,1.2,2,0,reversible_defect,0
150,42,female,asymptomatic,102,265,0,lv_hypertrophy,122,0,0.6,2,0,normal,0
151,67,female,non_anginal,115,564,0,lv_hypertrophy,160,0,1.6,2,0,reversible_defect,0
152,55,male,asymptomatic,160,289,0,lv_hypertrophy,145,1,0.8,2,1,reversible_defect,4
153,64,male,asymptomatic,120,246,0,lv_hypertrophy,96,1,2.2,3,1,normal,3
154,70,male,asymptomatic,130,322,0,lv_hypertrophy,109,0,2.4,2,3,normal,1
155,51,male,asymptomatic,140,299,0,normal,173,1,1.6,1,0,reversible_defect,1
156,58,male,asymptomatic,125,300,0,lv_hypertrophy,171,0,0.0,1,2,reversible_defect,1
157,60,male,asymptomatic,140,293,0,lv_hypertrophy,170,0,1.2,2,2,reversible_defect,2
158,68,male,non_anginal,118,277,0,normal,151,0,1.0,1,1,reversible_defect,0
159,46,male,atypical_angina,101,197,1,normal,156,0,0.0,1,0,reversible_defect,0
160,77,male,asymptomatic,125,304,0,lv_hypertrophy,162,1,0.0,1,3,normal,4
161,54,female,non_anginal,110,214,0,normal,158,0,1.6,2,0,normal,0
162,58,female,asymptomatic,100,248,0,lv_hypertrophy,122,0,1.0,2,0,normal,0
163,48,male,non_anginal,124,255,1,normal,175,0,0.0,1,2,normal,0
164,57,male,asymptomatic,132,207,0,normal,168,1,0.0,1,0,reversible_defect,0
165,54,female,atypical_angina,132,288,1,lv_hypertrophy,159,1,0.0,1,1,normal,0
166,35,male,asymptomatic,126,282,0,lv_hypertrophy,156,1,0.0,1,0,reversible_defect,1
167,45,female,atypical_angina,112,160,0,normal,138,0,0.0,2,0,normal,0
168,70,male,non_anginal,160,269,0,normal,112,1,2.9,2,1,reversible_defect,3
169,53,male,asymptomatic,142,226,0,lv_hypertrophy,111,1,0.0,1,0,reversible_defect,0
170,59,female,asymptomatic,174,249,0,normal,143,1,0.0,2,0,normal,1
171,62,female,asymptomatic,140,394,0,lv_hypertrophy,157,0,1.2,2,0,normal,0
172,64,male,asymptomatic,145,212,0,lv_hypertrophy,132,0,2.0,2,2,fixed_defect,4
173,57,male,asymptomatic,152,274,0,normal,88,1,1.2,2,1,reversible_defect,1
174,52,male,asymptomatic,108,233,1,normal,147,0,0.1,1,3,reversible_defect,0
175,56,male,asymptomatic,132,184,0,lv_hypertrophy,105,1,2.1,2,1,fixed_defect,1
176,43,male,non_anginal,130,315,0,normal,162,0,1.9,1,1,normal,0
177,53,male,non_anginal,130,246,1,lv_hypertrophy,173,0,0.0,1,3,normal,0
178,48,male,asymptomatic,124,274,0,lv_hypertrophy,166,0,0.5,2,0,reversible_defect,3
179,56,female,asymptomatic,134,409,0,lv_hypertrophy,150,1,1.9,2,2,reversible_defect,2
180,42,male,typical_angina,148,244,0,lv_hypertrophy,178,0,0.8,1,2,normal,0
181,59,male,typical_angina,178,270,0,lv_hypertrophy,145,0,4.2,3,0,reversible_defect,0
182,60,female,asymptomatic,158,305,0,lv_hypertrophy,161,0,0.0,1,0,normal,1
183,63,female,atypical_angina,140,195,0,normal,179,0,0.0,1,2,normal,0
184,42,male,non_anginal,120,240,1,normal,194,0,0.8,3,0,reversible_defect,0
185,66,male,atypical_angina,160,246,0,normal,120,1,0.0,2,3,fixed_defect,2
186,54,male,atypical_angina,192,283,0,lv_hypertrophy,195,0,0.0,1,1,reversible_defect,1
187,69,male,non_anginal,140,254,0,lv_hypertrophy,146,0,2.0,2,3,reversible_defect,2
188,50,male,non_anginal,129,196,0,normal,163,0,0.0,1,0,normal,0
189,51,male,asymptomatic,140,298,0,normal,122,1,4.2,2,3,reversible_defect,3
190,62,female,asymptomatic,138,294,1,normal,106,0,1.9,2,3,normal,2
191,68,female,non_anginal,120,211,0,lv_hypertrophy,115,0,1.5,2,0,normal,0
192,67,male,asymptomatic,100,299,0,lv_hypertrophy,125,1,0.9,2,2,normal,3
193,69,male,typical_angina,160,234,1,lv_hypertrophy,131,0,0.1,2,1,normal,0
194,45,female,asymptomatic,138,236,0,lv_hypertrophy,152,1,0.2,2,0,normal,0
195,50,female,atypical_angina,120,244,0,normal,162,0,1.1,1,0,normal,0
196,59,male,typical_angina,160,273,0,lv_hypertrophy,125,0,0.0,1,0,normal,1
197,50,female,asymptomatic,110,254,0,lv_hypertrophy,159,0,0.0,1,0,normal,0
198,64,female,asymptomatic,180,325,0,normal,154,1,0.0,1,0,normal,0
199,57,male,non_anginal,150,126,1,normal,173,0,0.2,1,1,reversible_defect,0
200,64,female,non_anginal,140,313,0,normal,133,0,0.2,1,0,reversible_defect,0
201,43,male,asymptomatic,110,211,0,normal,161,0,0.0,1,0,reversible_defect,0
202,45,male,asymptomatic,142,309,0,lv_hypertrophy,147,1,0.0,2,3,reversible_defect,3
203,58,male,asymptomatic,128,259,0,lv_hypertrophy,130,1,3.0,2,2,reversible_defect,3
204,50,male,asymptomatic,144,200,0,lv_hypertrophy,126,1,0.9,2,0,reversible_defect,3
205,55,male,atypical_angina,130,262,0,normal,155,0,0.0,1,0,normal,0
206,62,female,asymptomatic,150,244,0,normal,154,1,1.4,2,0,normal,1
207,37,female,non_anginal,120,215,0,normal,170,0,0.0,1,0,normal,0
208,38,male,typical_angina,120,231,0,normal,182,1,3.8,2,0,reversible_defect,4
209,41,male,non_anginal,130,214,0,lv_hypertrophy,168,0,2.0,2,0,normal,0
210,66,female,asymptomatic,178,228,1,normal,165,1,1.0,2,2,reversible_defect,3
211,52,male,asymptomatic,112,230,0,normal,160,0,0.0,1,1,normal,1
212,56,male,typical_angina,120,193,0,lv_hypertrophy,162,0,1.9,2,0,reversible_defect,0
213,46,female,atypical_angina,105,204,0,normal,172,0,0.0,1,0,normal,0
214,46,female,asymptomatic,138,243,0,lv_hypertrophy,152,1,0.0,2,0,normal,0
215,64,female,asymptomatic,130,303,0,normal,122,0,2.0,2,2,normal,0
216,59,male,asymptomatic,138,271,0,lv_hypertrophy,182,0,0.0,1,0,normal,0
217,41,female,non_anginal,112,268,0,lv_hypertrophy,172,1,0.0,1,0,normal,0
218,54,female,non_anginal,108,267,0,lv_hypertrophy,167,0,0.0,1,0,normal,0
219,39,female,non_anginal,94,199,0,normal,179,0,0.0,1,0,normal,0
220,53,male,asymptomatic,123,282,0,normal,95,1,2.0,2,2,reversible_defect,3
221,63,female,asymptomatic,108,269,0,normal,169,1,1.8,2,2,normal,1
222,34,female,atypical_angina,118,210,0,normal,192,0,0.7,1,0,normal,0
223,47,male,asymptomatic,112,204,0,normal,143,0,0.1,1,0,normal,0
224,67,female,non_anginal,152,277,0,normal,172,0,0.0,1,1,normal,0
225,54,male,asymptomatic,110,206,0,lv_hypertrophy,108,1,0.0,2,1,normal,3
226,66,male,asymptomatic,112,212,0,lv_hypertrophy,132,1,0.1,1,1,normal,2
227,52,female,non_anginal,136,196,0,lv_hypertrophy,169,0,0.1,2,0,normal,0
228,55,female,asymptomatic,180,327,0,st_t_abnormality,117,1,3.4,2,0,normal,2
229,49,male,non_anginal,118,149,0,lv_hypertrophy,126,0,0.8,1,3,normal,1
230,74,female,atypical_angina,120,269,0,lv_hypertrophy,121,1,0.2,1,1,normal,0
231,54,female,non_anginal,160,201,0,normal,163,0,0.0,1,1,normal,0
232,54,male,asymptomatic,122,286,0,lv_hypertrophy,116,1,3.2,2,2,normal,3
233,56,male,asymptomatic,130,283,1,lv_hypertrophy,103,1,1.6,3,0,reversible_defect,2
234,46,male,asymptomatic,120,249,0,lv_hypertrophy,144,0,0.8,1,0,reversible_defect,1
235,49,female,atypical_angina,134,271,0,normal,162,0,0.0,2,0,normal,0
236,42,male,atypical_angina,120,295,0,normal,162,0,0.0,1,0,normal,0
237,41,male,atypical_angina,110,235,0,normal,153,0,0.0,1,0,normal,0
238,41,female,atypical_angina,126,306,0,normal,163,0,0.0,1,0,normal,0
239,49,female,asymptomatic,130,269,0,normal,163,0,0.0,1,0,normal,0
240,61,male,typical_angina,134,234,0,normal,145,0,2.6,2,2,normal,2
241,60,female,non_anginal,120,178,1,normal,96,0,0.0,1,0,normal,0
242,67,male,asymptomatic,120,237,0,normal,71,0,1.0,2,0,normal,2
243,58,male,asymptomatic,100,234,0,normal,156,0,0.1,1,1,reversible_defect,2
244,47,male,asymptomatic,110,275,0,lv_hypertrophy,118,1,1.0,2,1,normal,1
245,52,male,asymptomatic,125,212,0,normal,168,0,1.0,1,2,reversible_defect,3
246,62,male,atypical_angina,128,208,1,lv_hypertrophy,140,0,0.0,1,0,normal,0
247,57,male,asymptomatic,110,201,0,normal,126,1,1.5,2,0,fixed_defect,0
248,58,male,asymptomatic,146,218,0,normal,105,0,2.0,2,1,reversible_defect,1
249,64,male,asymptomatic,128,263,0,normal,105,1,0.2,2,1,reversible_defect,0
250,51,female,non_anginal,120,295,0,lv_hypertrophy,157,0,0.6,1,0,normal,0
251,43,male,asymptomatic,115,303,0,normal,181,0,1.2,2,0,normal,0
252,42,female,non_anginal,120,209,0,normal,173,0,0.0,2,0,normal,0
253,67,female,asymptomatic,106,223,0,normal,142,0,0.3,1,2,normal,0
254,76,female,non_anginal,140,197,0,st_t_abnormality,116,0,1.1,2,0,normal,0
255,70,male,atypical_angina,156,245,0,lv_hypertrophy,143,0,0.0,1,0,normal,0
256,57,male,atypical_angina,124,261,0,normal,141,0,0.3,1,0,reversible_defect,1
257,44,female,non_anginal,118,242,0,normal,149,0,0.3,2,1,normal,0
258,58,female,atypical_angina,136,319,1,lv_hypertrophy,152,0,0.0,1,2,normal,3
259,60,female,typical_angina,150,240,0,normal,171,0,0.9,1,0,normal,0
260,44,male,non_anginal,120,226,0,normal,169,0,0.0,1,0,normal,0
261,61,male,asymptomatic,138,166,0,lv_hypertrophy,125,1,3.6,2,1,normal,4
262,42,male,asymptomatic,136,315,0,normal,125,1,1.8,2,0,fixed_defect,2
263,59,male,non_anginal,126,218,1,normal,134,0,2.2,2,1,fixed_defect,2
264,40,male,asymptomatic,152,223,0,normal,181,0,0.0,1,0,reversible_defect,1
265,42,male,non_anginal,130,180,0,normal,150,0,0.0,1,0,normal,0
266,61,male,asymptomatic,140,207,0,lv_hypertrophy,138,1,1.9,1,1,reversible_defect,1
267,66,male,asymptomatic,160,228,0,lv_hypertrophy,138,0,2.3,1,0,fixed_defect,0
268,46,male,asymptomatic,140,311,0,normal,120,1,1.8,2,2,reversible_defect,2
269,71,female,asymptomatic,112,149,0,normal,125,0,1.6,2,0,normal,0
270,59,male,typical_angina,134,204,0,normal,162,0,0.8,1,2,normal,1
271,64,male,typical_angina,170,227,0,lv_hypertrophy,155,0,0.6,2,0,reversible_defect,0
272,66,female,non_anginal,146,278,0,lv_hypertrophy,152,0,0.0,2,1,normal,0
273,39,female,non_anginal,138,220,0,normal,152,0,0.0,2,0,normal,0
274,57,male,atypical_angina,154,232,0,lv_hypertrophy,164,0,0.0,1,1,normal,1
275,58,female,asymptomatic,130,197,0,normal,131,0,0.6,2,0,normal,0
276,57,male,asymptomatic,110,335,0,normal,143,1,3.0,2,1,reversible_defect,2
277,47,male,non_anginal,130,253,0,normal,179,0,0.0,1,0,normal,0
278,55,female,asymptomatic,128,205,0,st_t_abnormality,130,1,2.0,2,1,reversible_defect,3
279,35,male,atypical_angina,122,192,0,normal,174,0,0.0,1,0,normal,0
280,61,male,asymptomatic,148,203,0,normal,161,0,0.0,1,1,reversible_defect,2
281,58,male,asymptomatic,114,318,0,st_t_abnormality,140,0,4.4,3,3,fixed_defect,4
282,58,female,asymptomatic,170,225,1,lv_hypertrophy,146,1,2.8,2,2,fixed_defect,2
283,56,male,atypical_angina,130,221,0,lv_hypertrophy,163,0,0.0,1,0,reversible_defect,0
284,56,male,atypical_angina,120,240,0,normal,169,0,0.0,3,0,normal,0
285,67,male,non_anginal,152,212,0,lv_hypertrophy,150,0,0.8,2,0,reversible_defect,1
286,55,female,atypical_angina,132,342,0,normal,166,0,1.2,1,0,normal,0
287,44,male,asymptomatic,120,169,0,normal,144,1,2.8,3,0,fixed_defect,2
288,63,male,asymptomatic,140,187,0,lv_hypertrophy,144,1,4.0,1,2,reversible_defect,2
289,63,female,asymptomatic,124,197,0,normal,136,1,0.0,2,0,normal,1
290,41,male,atypical_angina,120,157,0,normal,182,0,0.0,1,0,normal,0
291,59,male,asymptomatic,164,176,1,lv_hypertrophy,90,0,1.0,2,2,fixed_defect,3
292,57,female,asymptomatic,140,241,0,normal,123,1,0.2,2,0,reversible_defect,1
293,45,male,typical_angina,110,264,0,normal,132,0,1.2,2,0,reversible_defect,1
294,68,male,asymptomatic,144,193,1,normal,141,0,3.4,2,2,reversible_defect,2
295,57,male,asymptomatic,130,131,0,normal,115,1,1.2,2,1,reversible_defect,3
296,57,female,atypical_angina,130,236,0,lv_hypertrophy,174,0,0.0,2,1,normal,1
