method,error_type,level,support,precision,recall,f1,recall_any,roc_auc
Rules,missing,cell,7,1.0,1.0,1.0,1.0,
Rules,out_of_range,cell,4,0.5,1.0,0.667,1.0,
Rules,category_typo,cell,1,1.0,1.0,1.0,1.0,
Rules,unit_inconsistency,cell,4,0.0,0.0,0.0,1.0,
Rules,exact_duplicate,row,4,1.0,1.0,1.0,1.0,
Rules,near_duplicate,row,4,0.0,0.0,0.0,0.0,
Random Forest,missing,cell,7,1.0,1.0,1.0,1.0,
Random Forest,out_of_range,cell,4,1.0,1.0,1.0,1.0,
Random Forest,category_typo,cell,1,1.0,1.0,1.0,1.0,
Random Forest,unit_inconsistency,cell,4,1.0,1.0,1.0,1.0,
Random Forest,exact_duplicate,row,4,1.0,1.0,1.0,1.0,
Random Forest,near_duplicate,row,4,1.0,1.0,1.0,1.0,
Rules,any_error,row,24,1.0,0.833,0.909,0.833,
Random Forest,any_error,row,24,1.0,1.0,1.0,1.0,
Isolation Forest,any_error,row,24,0.778,0.292,0.424,0.292,0.787
Isolation Forest,missing,row,7,,,,0.571,
Isolation Forest,out_of_range,row,4,,,,0.0,
Isolation Forest,category_typo,row,1,,,,0.0,
Isolation Forest,unit_inconsistency,row,4,,,,0.5,
Isolation Forest,exact_duplicate,row,4,,,,0.0,
Isolation Forest,near_duplicate,row,4,,,,0.25,
