method,error_type,support_total,precision_mean,recall_mean,f1_mean,f1_std,recall_any_mean,roc_auc_mean
Rules,missing,43,1.0,1.0,1.0,0.0,1.0,
Rules,out_of_range,40,0.489,1.0,0.641,0.155,1.0,
Rules,category_typo,43,0.786,1.0,0.872,0.097,1.0,
Rules,unit_inconsistency,42,0.0,0.0,0.0,0.0,1.0,
Rules,exact_duplicate,43,1.0,1.0,1.0,0.0,1.0,
Rules,near_duplicate,37,0.0,0.0,0.0,0.0,0.365,
Random Forest,missing,43,1.0,1.0,1.0,0.0,1.0,
Random Forest,out_of_range,40,0.98,0.958,0.965,0.057,1.0,
Random Forest,category_typo,43,1.0,0.988,0.993,0.021,1.0,
Random Forest,unit_inconsistency,42,0.94,0.986,0.956,0.083,1.0,
Random Forest,exact_duplicate,43,1.0,1.0,1.0,0.0,1.0,
Random Forest,near_duplicate,37,0.847,1.0,0.906,0.117,1.0,
Rules,any_error,236,1.0,0.901,0.947,0.036,0.901,
Random Forest,any_error,236,0.978,1.0,0.988,0.018,1.0,
Isolation Forest,any_error,236,0.597,0.222,0.322,0.085,0.222,0.763
Isolation Forest,missing,42,,,,,0.517,
Isolation Forest,out_of_range,40,,,,,0.258,
Isolation Forest,category_typo,43,,,,,0.384,
Isolation Forest,unit_inconsistency,42,,,,,0.239,
Isolation Forest,exact_duplicate,43,,,,,0.0,
Isolation Forest,near_duplicate,37,,,,,0.145,
